file01	–ó–∞–¥–∞–Ω–∏–µ 01	https://youtu.be/-AVIMxvdOSo	Drink	(–î–ª—è –∑–∞–ø–∏—Å–∏ –≤–∏–¥–µ–æ –ø–æ—Ç—Ä–µ–±—É–µ—Ç—Å—è –±—É—Ç—ã–ª–∫–∞ –≤–æ–¥—ã) –°–Ω–∏–º–∏—Ç–µ –∫–∞–∫ –≤—ã –ø—å–µ—Ç–µ –≤–æ–¥—É –∏–∑ –±—É—Ç—ã–ª–∫–∏. –û—Ç–∫—Ä–æ–π—Ç–µ –±—É—Ç—ã–ª–∫—É, –ø–æ–ø–µ–π—Ç–µ –Ω–µ–º–Ω–æ–≥–æ –Ω–∞–ø–∏—Ç–∫–∞, –ø—Ä–æ–≥–ª–æ—Ç–∏—Ç–µ, –∑–∞–∫—Ä–æ–π—Ç–µ –±—É—Ç—ã–ª–∫—É.
file02	–ó–∞–¥–∞–Ω–∏–µ 02	https://youtu.be/gWTBguVs35c	Eat-food	(–¢—Ä–µ–±—É–µ—Ç—Å—è —á—Ç–æ-—Ç–æ –∏–∑ –µ–¥—ã, –ø–æ —Ç–∏–ø—É —Å–Ω—ç–∫–∞ –±–µ–∑ —É–ø–∞–∫–æ–≤–∫–∏) –°–Ω–∏–º–∏—Ç–µ –∫–∞–∫ –≤—ã –µ–¥–∏—Ç–µ —á—Ç–æ-—Ç–æ, –Ω–∞–ø—Ä–∏–º–µ—Ä, –ª—é–±–æ–π —Å–Ω—ç–∫, –ø–æ—Å–ª–µ –ø—Ä–æ–≥–ª–æ—Ç–∏—Ç–µ.
file03	–ó–∞–¥–∞–Ω–∏–µ 03	https://youtu.be/UBeD6Zf7Yrs	Play-phone	(–î–ª—è –∑–∞–ø–∏—Å–∏ –≤–∏–¥–µ–æ –ø–æ—Ç—Ä–µ–±—É–µ—Ç—Å—è –≤—Ç–æ—Ä–æ–π —Ç–µ–ª–µ—Ñ–æ–Ω) –°–Ω–∏–º–∏—Ç–µ –∫–∞–∫ –≤—ã –ø–µ—á–∞—Ç–∞–µ—Ç–µ –Ω–∞ —Ç–µ–ª–µ—Ñ–æ–Ω–µ, –≤–∞—à–∏ —Ä—É–∫–∏ –∏ —Ç–µ–ª–µ—Ñ–æ–Ω –æ–±—è–∑–∞—Ç–µ–ª—å–Ω–æ –¥–æ–ª–∂–Ω—ã –±—ã—Ç—å –≤–∏–¥–Ω—ã –≤ –∫–∞–¥—Ä–µ, –∑–∞—Ç–µ–º –æ—Ç–ª–æ–∂–∏—Ç–µ —Ç–µ–ª–µ—Ñ–æ–Ω –∏ –∑–∞–≤–µ—Ä—à–∏—Ç–µ –≤–∏–¥–µ–æ. –í–∞—à –≤–∑–≥–ª—è–¥ –¥–æ–ª–∂–µ–Ω –±—ã—Ç—å –Ω–∞–ø—Ä–∞–≤–ª–µ–Ω —Ç–æ–ª—å–∫–æ –≤ —ç–∫—Ä–∞–Ω —Ç–µ–ª–µ—Ñ–æ–Ω–∞ –≤ –≤–∞—à–∏—Ö —Ä—É–∫–∞—Ö, –∫–æ–≥–¥–∞ –≤—ã –ø–µ—á–∞—Ç–∞–µ—Ç–µ –Ω–∞ –Ω–µ–º (–∫–∞–∫ –≤ –ø—Ä–∏–º–µ—Ä–µ). 
file04	–ó–∞–¥–∞–Ω–∏–µ 04	https://youtu.be/AhbMaR2CaJQ	Turn-pen	(–î–ª—è –∑–∞–ø–∏—Å–∏ –≤–∏–¥–µ–æ –ø–æ—Ç—Ä–µ–±—É–µ—Ç—Å—è –ø–∏—Å—å–º–µ–Ω–Ω–∞—è —Ä—É—á–∫–∞) –°–Ω–∏–º–∏—Ç–µ –∫–∞–∫ –≤—ã –∫—Ä—É—Ç–∏—Ç–µ —Ä—É—á–∫—É –≤ –õ–ï–í–û–ô —Ä—É–∫–µ, –∫–∞–∫ —ç—Ç–æ –ø–æ–∫–∞–∑–∞–Ω–æ –≤ –ø—Ä–∏–º–µ—Ä–µ.
file05	–ó–∞–¥–∞–Ω–∏–µ 05	https://youtu.be/iA-fjSvZkQ0	Body-forth-back	–°–Ω–∏–º–∏—Ç–µ –∫–∞–∫ –≤—ã –Ω–∞–∫–ª–æ–Ω—è–µ—Ç–µ —Ç–µ–ª–æ –≤–ø–µ—Ä–µ–¥-–Ω–∞–∑–∞–¥-–≤–ø–µ—Ä–µ–¥-–Ω–∞–∑–∞–¥, –∫–∞–∫ —ç—Ç–æ –ø–æ–∫–∞–∑–∞–Ω–æ –≤ –ø—Ä–∏–º–µ—Ä–µ (—Å–Ω–∞—á–∞–ª–∞ –Ω–∞–∫–ª–æ–Ω –≤–ø–µ—Ä–µ–¥, –∑–∞—Ç–µ–º –≤–æ–∑–≤—Ä–∞—Ç –≤ –æ–±—ã—á–Ω–æ–µ –ø–æ–ª–æ–∂–µ–Ω–∏–µ, –∏ –∑–∞—Ç–µ–º –æ—Ç–∫–ª–æ–Ω –Ω–∞–∑–∞–¥). –ù–∞–∫–ª–æ–Ω—è—Ç—å –Ω—É–∂–Ω–æ –∏–º–µ–Ω–Ω–æ —Ç–µ–ª–æ —Å –≥–æ–ª–æ–≤–æ–π, –Ω–µ –æ—Ç–¥–µ–ª—å–Ω–æ –≥–æ–ª–æ–≤—É.
file06	–ó–∞–¥–∞–Ω–∏–µ 06	https://youtu.be/_2D-AbjETF0	Body-left-right	–°–Ω–∏–º–∏—Ç–µ –∫–∞–∫ –≤—ã –Ω–∞–∫–ª–æ–Ω—è–µ—Ç–µ —Ç–µ–ª–æ –≤–º–µ—Å—Ç–µ —Å –≥–æ–ª–æ–≤–æ–π —Å–Ω–∞—á–∞–ª–∞ –≤ –õ–ï–í–£–Æ —Å—Ç–æ—Ä–æ–Ω—É, –∑–∞—Ç–µ–º –≤ –ü–†–ê–í–£–Æ, –∫–∞–∫ —ç—Ç–æ —Å–¥–µ–ª–∞–Ω–æ –≤ –ø—Ä–∏–º–µ—Ä–µ. –ù–∞–∫–ª–æ–Ω—è—Ç—å –Ω—É–∂–Ω–æ –∏–º–µ–Ω–Ω–æ —Ç–µ–ª–æ —Å –≥–æ–ª–æ–≤–æ–π, –Ω–µ –æ—Ç–¥–µ–ª—å–Ω–æ –≥–æ–ª–æ–≤—É. –ì–æ–ª–æ–≤–∞ –Ω–µ –¥–æ–ª–∂–Ω–∞ –≤—ã—Ö–æ–¥–∏—Ç—å –∏–∑ –∫–∞–¥—Ä–∞ –ø—Ä–∏ –ø–æ–≤–æ—Ä–æ—Ç–∞—Ö.
file07	–ó–∞–¥–∞–Ω–∏–µ 07	https://youtu.be/HIyMvhPLFxw	Body-rotate	–°–Ω–∏–º–∏—Ç–µ –∫–∞–∫ –≤—ã –ø–æ–≤–æ—Ä–∞—á–∏–≤–∞–µ—Ç–µ —Ç–µ–ª–æ –≤–º–µ—Å—Ç–µ —Å –≥–æ–ª–æ–≤–æ–π —Å–Ω–∞—á–∞–ª–∞ –≤ –õ–ï–í–£–Æ —Å—Ç–æ—Ä–æ–Ω—É, –ø–æ—Å–ª–µ –≤ –ü–†–ê–í–£–Æ (–≥–æ–ª–æ–≤–∞ —Å–º–æ—Ç—Ä–∏—Ç –ø—Ä—è–º–æ, –∫–∞–∫ –≤ –ø—Ä–∏–º–µ—Ä–µ). –ü–æ–≤–æ—Ä–∞—á–∏–≤–∞—Ç—å –Ω—É–∂–Ω–æ —Ç–µ–ª–æ –í–ú–ï–°–¢–ï —Å –≥–æ–ª–æ–≤–æ–π, –Ω–µ –æ—Ç–¥–µ–ª—å–Ω–æ –≥–æ–ª–æ–≤—É –∏–ª–∏ —Ç–µ–ª–æ.
file08	–ó–∞–¥–∞–Ω–∏–µ 08	https://youtu.be/X54CUkhwnqU	Fold-arm	–°–Ω–∏–º–∏—Ç–µ –∫–∞–∫ –≤—ã —Å–∫–ª–∞–¥—ã–≤–∞–µ—Ç–µ —Ä—É–∫–∏ –Ω–∞ –≥—Ä—É–¥–∏, –∞ –ø–æ—Å–ª–µ –≤–µ—Ä–Ω–∏—Ç–µ –∏—Ö –≤ –æ–±—ã—á–Ω–æ–µ –ø–æ–ª–æ–∂–µ–Ω–∏–µ.
file09	–ó–∞–¥–∞–Ω–∏–µ 09	https://youtu.be/Z87Nt2MoUX4	Shrug-shoulder	–°–Ω–∏–º–∏—Ç–µ –∫–∞–∫ –≤—ã –ø–æ–∂–∏–º–∞–µ—Ç–µ –ø–ª–µ—á–∞–º–∏ –≤–≤–µ—Ä—Ö-–≤–Ω–∏–∑, –∫–∞–∫ –±—É–¥—Ç–æ –≥–æ–≤–æ—Ä–∏—Ç–µ ‚Äú–Ω–µ –∑–Ω–∞—é‚Äù, –∫–∞–∫ –ø–æ–∫–∞–∑–∞–Ω–æ –≤ –ø—Ä–∏–º–µ—Ä–µ.
file10	–ó–∞–¥–∞–Ω–∏–µ 10	https://youtu.be/_p37NKaTl5U	Stretch-arm	–°–Ω–∏–º–∏—Ç–µ –∫–∞–∫ –≤—ã —Ç—è–Ω–∏—Ç–µ—Å—å, –Ω—É–∂–Ω–æ –ø–æ–¥–Ω—è—Ç—å —Ä—É–∫–∏ –∏ –∑–∞–≤–µ—Å—Ç–∏ –∏—Ö –∑–∞ —Å–ø–∏–Ω—É, –∑–∞—Ç–µ–º –≤—ã–ø—Ä—è–º–∏—Ç—å –ø—Ä–∏ –ø–æ—Ç—è–≥–∏–≤–∞–Ω–∏–∏, —á—Ç–æ–±—ã —ç—Ç–æ –≤—ã–≥–ª—è–¥–µ–ª–æ –ø–æ-–Ω–∞—Å—Ç–æ—è—â–µ–º—É, –∫–∞–∫ –≤ –ø—Ä–∏–º–µ—Ä–µ.
file11	–ó–∞–¥–∞–Ω–∏–µ 11	https://youtu.be/FBMFRDzak1Q	Up-down	–°–Ω–∏–º–∏—Ç–µ –∫–∞–∫ –≤—ã –≤—Å—Ç–∞–µ—Ç–µ –∏ —Å–∞–¥–∏—Ç–µ—Å—å (–Ω–µ –ø–æ–ø—Ä–∞–≤–ª—è–π—Ç–µ –æ–¥–µ–∂–¥—É, –∫–æ–≥–¥–∞ –≤—Å—Ç–∞–µ—Ç–µ, –Ω–µ –¥–µ–ª–∞–π—Ç–µ –ª–∏—à–Ω–∏—Ö –¥–≤–∏–∂–µ–Ω–∏–π).
file12	–ó–∞–¥–∞–Ω–∏–µ 12	https://youtu.be/fiDdwVI5jHM	Amazed	(–í —ç—Ç–æ–º –≤–∏–¥–µ–æ –≤–∞–∂–Ω–∞ —ç–º–æ—Ü–∏—è) –°–Ω–∏–º–∏—Ç–µ —É–¥–∏–≤–ª–µ–Ω–∏–µ (–æ—Ç–∫—Ä–æ–π—Ç–µ —Ä–æ—Ç, –ø–æ–¥–Ω–∏–º–∏—Ç–µ –±—Ä–æ–≤–∏). –≠–º–æ—Ü–∏—è –º–∞–∫—Å–∏–∞–ª—å–Ω–æ –¥–æ–ª–∂–Ω–∞ –±—ã—Ç—å –ø–æ—Ö–æ–∂–∞ –Ω–∞ —Ç—É, —á—Ç–æ –ø–æ–∫–∞–∑–∞–Ω–∞ –≤ –ø—Ä–∏–º–µ—Ä–µ, –±–µ–∑ –∏–º–ø—Ä–æ–≤–∏–∑–∞—Ü–∏–∏.
file13	–ó–∞–¥–∞–Ω–∏–µ 13	https://youtu.be/ikF_Wp7UjRk	Anger	(–í —ç—Ç–æ–º –≤–∏–¥–µ–æ –≤–∞–∂–Ω–∞ —ç–º–æ—Ü–∏—è) –°–Ω–∏–º–∏—Ç–µ —ç–º–æ—Ü–∏—é –∑–ª–æ—Å—Ç–∏ —Ç–æ—á–Ω–æ –ø–æ –ø—Ä–∏–º–µ—Ä—É.
file14	–ó–∞–¥–∞–Ω–∏–µ 14	https://youtu.be/-_NDb5OcY2g	Disgusted	(–í —ç—Ç–æ–º –≤–∏–¥–µ–æ –≤–∞–∂–Ω–∞ —ç–º–æ—Ü–∏—è) –°–Ω–∏–º–∏—Ç–µ —ç–º–æ—Ü–∏—é –æ—Ç–≤—Ä–∞—â–µ–Ω–∏—è —Ç–æ—á–Ω–æ –ø–æ –ø—Ä–∏–º–µ—Ä—É.
file15	–ó–∞–¥–∞–Ω–∏–µ 15	https://youtu.be/aPaiOgB-klU	Happy	(–í —ç—Ç–æ–º –≤–∏–¥–µ–æ –≤–∞–∂–Ω–∞ —ç–º–æ—Ü–∏—è) –°–Ω–∏–º–∏—Ç–µ —ç–º–æ—Ü–∏—é —Ä–∞–¥–æ—Å—Ç–∏ (–≤–∞–º –Ω—É–∂–Ω–æ —Ä–∞—Å—Å–º–µ—è—Ç—å—Å—è, —à–∏—Ä–æ–∫–æ —É–ª—ã–±–Ω—É–≤—à–∏—Å—å –∏ –ø–æ–∫–∞–∑–∞–≤ –∑—É–±—ã) —Ç–æ—á–Ω–æ –ø–æ –ø—Ä–∏–º–µ—Ä—É.
file16	–ó–∞–¥–∞–Ω–∏–µ 16	https://youtu.be/ZFQt5j8pdRI	Normal	(–í —ç—Ç–æ–º –≤–∏–¥–µ–æ –≤–∞–∂–Ω–∞ —ç–º–æ—Ü–∏—è) –°–Ω–∏–º–∏—Ç–µ –≤–∞—à–µ –æ–±—ã—á–Ω–æ–µ –ª–∏—Ü–æ –∏–¥–µ–Ω—Ç–∏—á–Ω–æ –ø—Ä–∏–º–µ—Ä—É.
file17	–ó–∞–¥–∞–Ω–∏–µ 17	https://youtu.be/18vLchdqA7c	Sad	(–í —ç—Ç–æ–º –≤–∏–¥–µ–æ –≤–∞–∂–Ω–∞ —ç–º–æ—Ü–∏—è) –°–Ω–∏–º–∏—Ç–µ —ç–º–æ—Ü–∏—é –≥—Ä—É—Å—Ç–∏ (–±—É–¥—Ç–æ –≤—ã –≤—Å—Ö–ª–∏–ø—ã–≤–∞–µ—Ç–µ, –≤–æ—Ç-–≤–æ—Ç –Ω–∞—á–Ω–µ—Ç–µ –ø–ª–∞–∫–∞—Ç—å). –≠–º–æ—Ü–∏—è –º–∞–∫—Å–∏–∞–ª—å–Ω–æ –¥–æ–ª–∂–Ω–∞ –±—ã—Ç—å –ø–æ—Ö–æ–∂–∞ –Ω–∞ —Ç—É, —á—Ç–æ –ø–æ–∫–∞–∑–∞–Ω–∞ –≤ –ø—Ä–∏–º–µ—Ä–µ, –±–µ–∑ –∏–º–ø—Ä–æ–≤–∏–∑–∞—Ü–∏–∏.
file18	–ó–∞–¥–∞–Ω–∏–µ 18	https://youtu.be/h8Z5ncLbqic	Scared	(–í —ç—Ç–æ–º –≤–∏–¥–µ–æ –≤–∞–∂–Ω–∞ —ç–º–æ—Ü–∏—è) –°–Ω–∏–º–∏—Ç–µ –∏—Å–ø—É–≥ —Å –æ—Ç–≤—Ä–∞—â–µ–Ω–∏–µ–º. –≠–º–æ—Ü–∏—è –º–∞–∫—Å–∏–∞–ª—å–Ω–æ –¥–æ–ª–∂–Ω–∞ –±—ã—Ç—å –ø–æ—Ö–æ–∂–∞ –Ω–∞ —Ç—É, —á—Ç–æ –ø–æ–∫–∞–∑–∞–Ω–∞ –≤ –ø—Ä–∏–º–µ—Ä–µ, –±–µ–∑ –∏–º–ø—Ä–æ–≤–∏–∑–∞—Ü–∏–∏.
file19	–ó–∞–¥–∞–Ω–∏–µ 19	https://youtu.be/C6T6ogb77gA	Deep-breath	–°–Ω–∏–º–∏—Ç–µ –≤–∞—à –≥–ª—É–±–æ–∫–∏–π –≤–¥–æ—Ö. –ü—Ä–∏ —ç—Ç–æ–º –Ω—É–∂–Ω–æ –Ω–∞–¥—É—Ç—å —â–µ–∫–∏ –∏ –ø–æ–ª–Ω–æ—Å—Ç—å—é –≤—ã–¥–æ—Ö–Ω—É—Ç—å.
file20	–ó–∞–¥–∞–Ω–∏–µ 20	https://youtu.be/jMYzOtaRWzU	Eye-closed	–°–Ω–∏–º–∏—Ç–µ –∫–∞–∫ –≤—ã –∑–∞–∂–º—É—Ä–∏–≤–∞–µ—Ç–µ—Å—å, –∞ –ø–æ—Ç–æ–º –æ—Ç–∫—Ä–æ–π—Ç–µ –≥–ª–∞–∑–∞.
file21	–ó–∞–¥–∞–Ω–∏–µ 21	https://youtu.be/j_2vpBfSEcQ	Eye-roll	–ü–æ–≤—Ç–æ—Ä–∏—Ç–µ –¥–≤–∏–∂–µ–Ω–∏–µ –≥–ª–∞–∑ –≤ —ç—Ç–æ–º –≤–∏–¥–µ–æ. –í–∞–º –Ω—É–∂–Ω–æ —Å–Ω–∞—á–∞–ª–∞ –∑–∞–∫–∞—Ç–∏—Ç—å –≥–ª–∞–∑–∞ –≤–≤–µ—Ä—Ö, –∑–∞—Ç–µ–º –º–µ–¥–ª–µ–Ω–Ω–æ –ø–µ—Ä–µ–º–µ—Å—Ç–∏—Ç—å –∏—Ö –í–ü–†–ê–í–û –∏ –ø–æ—Å–ª–µ –≤–µ—Ä–Ω—É—Ç—å –≤ –æ–±—ã—á–Ω–æ–µ –ø–æ–ª–æ–∂–µ–Ω–∏–µ.
file22	–ó–∞–¥–∞–Ω–∏–µ 22	https://youtu.be/ZNvr_L0NHs8	Eye-stare	–ü–æ–¥–Ω–∏–º–∏—Ç–µ –±—Ä–æ–≤–∏ –∏ —à–∏—Ä–æ–∫–æ –æ—Ç–∫—Ä–æ–π—Ç–µ –≥–ª–∞–∑–∞, –∑–∞—Ç–µ–º –≤–µ—Ä–Ω–∏—Ç–µ—Å—å –≤ –æ–±—ã—á–Ω–æ–µ –ø–æ–ª–æ–∂–µ–Ω–∏–µ –ª–∏—Ü–∞.
file23	–ó–∞–¥–∞–Ω–∏–µ 23	https://youtu.be/ibZV3imR2mo	Mouth-open	–û—Ç–∫—Ä–æ–π—Ç–µ —à–∏—Ä–æ–∫–æ —Ä–æ—Ç, –∑–∞—Ç–µ–º –º–µ–¥–ª–µ–Ω–Ω–æ –∑–∞–∫—Ä–æ–π—Ç–µ. 
file24	–ó–∞–¥–∞–Ω–∏–µ 24	https://youtu.be/7uCCXAV5ce4	Mouth-pout	–°–¥–µ–ª–∞–π—Ç–µ –≥—É–±—ã —Ç—Ä—É–±–æ—á–∫–æ–π, –∑–∞—Ç–µ–º –≤–µ—Ä–Ω–∏—Ç–µ—Å—å –≤ –æ–±—ã—á–Ω–æ–µ –ø–æ–ª–æ–∂–µ–Ω–∏–µ –ª–∏—Ü–∞.
file25	–ó–∞–¥–∞–Ω–∏–µ 25	https://youtu.be/QOl5Z9KIFa4	Mouth-pucker	–í—Ç—è–Ω–∏—Ç–µ –≥—É–±—ã, –∫–∞–∫ –ø–æ–∫–∞–∑–∞–Ω–æ –Ω–∞ –≤–∏–¥–µ–æ, –∑–∞—Ç–µ–º –≤–µ—Ä–Ω–∏—Ç–µ—Å—å –≤ –æ–±—ã—á–Ω–æ–µ –ø–æ–ª–æ–∂–µ–Ω–∏–µ –ª–∏—Ü–∞.
file26	–ó–∞–¥–∞–Ω–∏–µ 26	https://youtu.be/lghS0ZMQ_Yk	Put-tongue	–û—Ç–∫—Ä–æ–π—Ç–µ —à–∏—Ä–æ–∫–æ —Ä–æ—Ç –∏ –ø–æ–∫–∞–∂–∏—Ç–µ —è–∑—ã–∫, –∑–∞—Ç–µ–º –∑–∞–∫—Ä–æ–π—Ç–µ —Ä–æ—Ç.
file27	–ó–∞–¥–∞–Ω–∏–µ 27	https://youtu.be/YQt9XbPfMfQ	Touch-chin	–ü–æ—Ç—Ä–æ–≥–∞–π—Ç–µ —Ç–æ–ª—å–∫–æ –ø–æ–¥–±–æ—Ä–æ–¥–æ–∫ –±–æ–ª—å—à–∏–º –∏ —É–∫–∞–∑–∞—Ç–µ–ª—å–Ω—ã–º –ø–∞–ª—å—Ü–∞–º–∏ –ª–µ–≤–æ–π —Ä—É–∫–æ–π, –∫–∞–∫ –ø–æ–∫–∞–∑–∞–Ω–æ –≤ –ø—Ä–∏–º–µ—Ä–µ. –ù–µ –∑–∞–¥–µ–≤–∞–π—Ç–µ –¥—Ä—É–≥–∏–µ —É—á–∞—Å—Ç–∫–∏ –ª–∏—Ü–∞.
file28	–ó–∞–¥–∞–Ω–∏–µ 28	https://youtu.be/5NrCD8o-Tnc	Touch-ear	–ü–æ—Ç—Ä–æ–≥–∞–π—Ç–µ —Ç–æ–ª—å–∫–æ –æ–¥–Ω–æ —É—Ö–æ –±–æ–ª—å—à–∏–º –∏ —É–∫–∞–∑–∞—Ç–µ–ª—å–Ω—ã–º –ø–∞–ª—å—Ü–∞–º–∏ –ª–µ–≤–æ–π —Ä—É–∫–æ–π, –∫–∞–∫ –ø–æ–∫–∞–∑–∞–Ω–æ –≤ –ø—Ä–∏–º–µ—Ä–µ
file29	–ó–∞–¥–∞–Ω–∏–µ 29	https://youtu.be/bcX-3I1Mv1I	Touch-eye	–ü–æ—Ç—Ä–æ–≥–∞–π—Ç–µ —Ç–æ–ª—å–∫–æ –æ–¥–∏–Ω –ª–µ–≤—ã–π –≥–ª–∞–∑ –¥–≤—É–º—è –ø–∞–ª—å—Ü–∞–º–∏ –ª–µ–≤–æ–π —Ä—É–∫–æ–π, –∫–∞–∫ –ø–æ–∫–∞–∑–∞–Ω–æ –≤ –ø—Ä–∏–º–µ—Ä–µ. –ù–µ –∑–∞–¥–µ–≤–∞–π—Ç–µ –¥—Ä—É–≥–∏–µ —É—á–∞—Å—Ç–∫–∏ –ª–∏—Ü–∞.
file30	–ó–∞–¥–∞–Ω–∏–µ 30	https://youtu.be/UDeDO1M10Ic	Touch-face	–ü–æ—Ç—Ä–æ–≥–∞–π—Ç–µ —Ç–æ–ª—å–∫–æ –ª–µ–≤—É—é —â–µ–∫—É –≤—Å–µ–º–∏ –ø–∞–ª—å—Ü–∞–º–∏ –ª–µ–≤–æ–π —Ä—É–∫–æ–π, –∫–∞–∫ –ø–æ–∫–∞–∑–∞–Ω–æ –≤ –ø—Ä–∏–º–µ—Ä–µ. –ù–µ –∑–∞–¥–µ–≤–∞–π—Ç–µ –¥—Ä—É–≥–∏–µ —É—á–∞—Å—Ç–∫–∏ –ª–∏—Ü–∞.
file31	–ó–∞–¥–∞–Ω–∏–µ 31	https://youtu.be/9CUY5AbKkBE	Touch-forehead	–ü–æ—Ç—Ä–æ–≥–∞–π—Ç–µ —Ç–æ–ª—å–∫–æ –ª–æ–± –ª–∞–¥–æ–Ω—å—é, –Ω–µ –∑–∞–¥–µ–≤–∞—è –≥–ª–∞–∑, –∫–∞–∫ –ø–æ–∫–∞–∑–∞–Ω–æ –≤ –ø—Ä–∏–º–µ—Ä–µ. –ù–µ –∑–∞–¥–µ–≤–∞–π—Ç–µ –¥—Ä—É–≥–∏–µ —É—á–∞—Å—Ç–∫–∏ –ª–∏—Ü–∞.
file32	–ó–∞–¥–∞–Ω–∏–µ 32	https://youtu.be/U9kn_0Ig8yI	Touch-glasses	–ü–æ–ø—Ä–∞–≤—å—Ç–µ –æ—á–∫–∏ –ª–µ–≤–æ–π —Ä—É–∫–æ–π –∑–∞ –¥—É–∂–∫—É (–æ–ø—Ä–∞–≤—É), –∫–∞–∫ –ø–æ–∫–∞–∑–∞–Ω–æ –≤ –ø—Ä–∏–º–µ—Ä–µ. –ù–∞ –ª–∏–Ω–∑–∞—Ö –æ—á–∫–æ–≤ –Ω–µ –¥–æ–ª–∂–Ω–æ –±—ã—Ç—å –æ—Ç—Ä–∞–∂–µ–Ω–∏—è/–±–ª–∏–∫–æ–≤.
file33	–ó–∞–¥–∞–Ω–∏–µ 33	https://youtu.be/bjfQz42a8Fw	Touch-head	–ü–æ—Ç—Ä–æ–≥–∞–π—Ç–µ —Ç–æ–ª—å–∫–æ –≤–æ–ª–æ—Å—ã –Ω–∞ –≥–æ–ª–æ–≤–µ –ª–∞–¥–æ–Ω—å—é —Ä—É–∫–∏, –∫–∞–∫ –ø–æ–∫–∞–∑–∞–Ω–æ –≤ –ø—Ä–∏–º–µ—Ä–µ.
file34	–ó–∞–¥–∞–Ω–∏–µ 34	https://youtu.be/YDyArR8auGU	Touch-mouth	–ü–æ—Ç—Ä–æ–≥–∞–π—Ç–µ —Ç–æ–ª—å–∫–æ —Ä–æ—Ç –ø–∞–ª—å—Ü–∞–º–∏ –∏ –ª–∞–¥–æ–Ω—å—é, –∫–∞–∫ –ø–æ–∫–∞–∑–∞–Ω–æ –≤ –ø—Ä–∏–º–µ—Ä–µ. –ù–µ –∑–∞–¥–µ–≤–∞–π—Ç–µ –¥—Ä—É–≥–∏–µ —É—á–∞—Å—Ç–∫–∏ –ª–∏—Ü–∞.
file35	–ó–∞–¥–∞–Ω–∏–µ 35	https://youtu.be/uGnzf3XEzwk	Touch-nose	–ü–æ—Ç—Ä–æ–≥–∞–π—Ç–µ —Ç–æ–ª—å–∫–æ –Ω–æ—Å –±–æ–ª—å—à–∏–º –∏ —É–∫–∞–∑–∞—Ç–µ–ª—å–Ω—ã–º –ø–∞–ª—å—Ü–∞–º–∏, –∫–∞–∫ –ø–æ–∫–∞–∑–∞–Ω–æ –≤ –ø—Ä–∏–º–µ—Ä–µ. –ù–µ –∑–∞–¥–µ–≤–∞–π—Ç–µ –¥—Ä—É–≥–∏–µ —É—á–∞—Å—Ç–∫–∏ –ª–∏—Ü–∞.
file36	–ó–∞–¥–∞–Ω–∏–µ 36	https://trainingdata-data-collection.s3.amazonaws.com/dima/sdv/Glasses-headset.jpg	Glasses-headset	–°—Ñ–æ—Ç–æ–≥—Ä–∞—Ñ–∏—Ä—É–π—Ç–µ—Å—å –≤ –ø—Ä–æ–∑—Ä–∞—á–Ω—ã—Ö –æ—á–∫–∞—Ö –∏ –ª—é–±—ã—Ö –Ω–∞—É—à–Ω–∏–∫–∞—Ö (–ª—é–±—ã–µ –Ω–∞—É—à–Ω–∏–∫–∏, –≥–ª–∞–≤–Ω–æ–µ —á—Ç–æ–±—ã –∏—Ö –±—ã–ª–æ –≤–∏–¥–Ω–æ). –ù–∞ –ª–∏–Ω–∑–∞—Ö –æ—á–∫–æ–≤ –Ω–µ –¥–æ–ª–∂–Ω–æ –±—ã—Ç—å –æ—Ç—Ä–∞–∂–µ–Ω–∏—è/–±–ª–∏–∫–æ–≤. –û–ø—Ä–∞–≤–∞ –æ—á–∫–æ–≤ –Ω–µ –¥–æ–ª–∂–Ω–∞ –∑–∞–∫—Ä—ã–≤–∞—Ç—å –≥–ª–∞–∑–∞.
file37	–ó–∞–¥–∞–Ω–∏–µ 37	https://trainingdata-data-collection.s3.amazonaws.com/dima/sdv/Mask.jpg	Mask	–§–æ—Ç–æ –≤ –º–µ–¥–∏—Ü–∏–Ω—Å–∫–æ–π –º–∞—Å–∫–µ, –º–∞—Å–∫–∞ –Ω–µ –¥–æ–ª–∂–Ω–∞ –∑–∞–∫—Ä—ã–≤–∞—Ç—å –≥–ª–∞–∑–∞;
file38	–ó–∞–¥–∞–Ω–∏–µ 38	https://trainingdata-data-collection.s3.amazonaws.com/dima/sdv/Normal.jpg	Normal	–§–æ—Ç–æ –±–µ–∑ —ç–º–æ—Ü–∏–π, –æ–±—ã—á–Ω–æ–µ –ª–∏—Ü–æ
file39	–ó–∞–¥–∞–Ω–∏–µ 39	https://trainingdata-data-collection.s3.amazonaws.com/dima/sdv/Sunglasses.jpg	Sunglasses	–°–¥–µ–ª–∞–π—Ç–µ —Ñ–æ—Ç–æ–≥—Ä–∞—Ñ–∏—é –≤ —Å–æ–ª–Ω—Ü–µ–∑–∞—â–∏—Ç–Ω—ã—Ö –æ—á–∫–∞—Ö (—Ç–µ–º–Ω—ã–µ –æ—á–∫–∏). –û—á–∫–∏ –¥–æ–ª–∂–Ω—ã –ø–æ–ª–Ω–æ—Å—Ç—å—é —Å–∫—Ä—ã–≤–∞—Ç—å –≤–∞—à–∏ –≥–ª–∞–∑–∞.
file40	–ó–∞–¥–∞–Ω–∏–µ 40	https://youtu.be/jiqp6Y9T-ik	Clapping	–°–Ω–∏–º–∏—Ç–µ –∫–∞–∫ –≤—ã —Ö–ª–æ–ø–∞–µ—Ç–µ –≤ –ª–∞–¥–æ—à–∫–∏, —á—Ç–æ–±—ã –∑–∞–ø—è—Å—Ç—å—è –±—ã–ª–∏ –≤–∏–¥–Ω—ã. –†—É–∫–∏ –¥–æ–ª–∂–Ω—ã –Ω–∞—Ö–æ–¥–∏—Ç—å—Å—è –ø–æ–¥ –ª–∏—Ü–æ–º, –Ω–∞ –¥–æ—Å—Ç–∞—Ç–æ—á–Ω–æ–º —Ä–∞—Å—Å—Ç–æ—è–Ω–∏–∏ –æ—Ç –Ω–µ–≥–æ. –ù–µ–ª—å–∑—è –∑–∞–∫—Ä—ã–≤–∞—Ç—å, –∑–∞–¥–µ–≤–∞—Ç—å –∏–ª–∏ –ø–µ—Ä–µ–∫—Ä—ã–≤–∞—Ç—å –ª–∏—Ü–æ —Ä—É–∫–∞–º–∏.
file41	–ó–∞–¥–∞–Ω–∏–µ 41	https://youtu.be/OokkY_54Pfk	Greeting	–°–Ω–∏–º–∏—Ç–µ –∫–∞–∫ –≤—ã –ø—Ä–∏–≤–µ—Ç—Å—Ç–≤—É–µ—Ç–µ –∫–æ–≥–æ-—Ç–æ –ª–µ–≤–æ–π —Ä—É–∫–æ–π. –†—É–∫–∞ –¥–æ–ª–∂–Ω–∞ –Ω–∞—Ö–æ–¥–∏—Ç—å—Å—è –Ω–∞ –¥–æ—Å—Ç–∞—Ç–æ—á–Ω–æ–º —Ä–∞—Å—Å—Ç–æ—è–Ω–∏–∏ —Å–ª–µ–≤–∞ –æ—Ç –ª–∏—Ü–∞ (–∫–∞–∫ –≤ –ø—Ä–∏–º–µ—Ä–µ).
file42	–ó–∞–¥–∞–Ω–∏–µ 42	https://trainingdata-data-collection.s3.amazonaws.com/dima/sdv/Dislike.jpg	Dislike	–§–æ—Ç–æ (–ª–µ–≤–∞—è —Ä—É–∫–∞): –ø–∞–ª–µ—Ü –≤–Ω–∏–∑, –∑–∞–ø—è—Å—Ç—å–µ –¥–æ–ª–∂–Ω–æ –±—ã—Ç—å –≤ –∫–∞–¥—Ä–µ;
file43	–ó–∞–¥–∞–Ω–∏–µ 43	https://trainingdata-data-collection.s3.amazonaws.com/dima/sdv/Like.jpg	Like	–§–æ—Ç–æ (–ª–µ–≤–∞—è —Ä—É–∫–∞): –ø–∞–ª–µ—Ü –≤–≤–µ—Ä—Ö, –∑–∞–ø—è—Å—Ç—å–µ –¥–æ–ª–∂–Ω–æ –±—ã—Ç—å –≤ –∫–∞–¥—Ä–µ;
file44	–ó–∞–¥–∞–Ω–∏–µ 44	https://trainingdata-data-collection.s3.amazonaws.com/dima/sdv/Make-a-fist.jpg	Make-a-fist	–§–æ—Ç–æ (–ª–µ–≤–∞—è —Ä—É–∫–∞): –ø–æ–∫–∞–∂–∏—Ç–µ –∫—É–ª–∞–∫ –∏ –¥–µ—Ä–∂–∏—Ç–µ —Ä—É–∫—É –≤–µ—Ä—Ç–∏–∫–∞–ª—å–Ω–æ –Ω–∞ —É—Ä–æ–≤–Ω–µ –≥–æ–ª–æ–≤—ã (–∫–∞–∫ –≤ –ø—Ä–∏–º–µ—Ä–µ), –∑–∞–ø—è—Å—Ç—å–µ –¥–æ–ª–∂–Ω–æ –±—ã—Ç—å –≤ –∫–∞–¥—Ä–µ;
file45	–ó–∞–¥–∞–Ω–∏–µ 45	https://trainingdata-data-collection.s3.amazonaws.com/dima/sdv/Number-1.jpg	Number-1	–§–æ—Ç–æ (–ª–µ–≤–∞—è —Ä—É–∫–∞): –ü–æ–∫–∞–∑–∞—Ç—å –ø–∞–ª—å—Ü–µ–º —Ü–∏—Ñ—Ä—É 1 (–∫–∞–∫ –≤ –ø—Ä–∏–º–µ—Ä–µ, –∑–∞–ø—è—Å—Ç—å–µ –¥–æ–ª–∂–Ω–æ –±—ã—Ç—å –≤ –∫–∞–¥—Ä–µ);
file46	–ó–∞–¥–∞–Ω–∏–µ 46	https://trainingdata-data-collection.s3.amazonaws.com/dima/sdv/Number-2.jpg	Number-2	–§–æ—Ç–æ (–ª–µ–≤–∞—è —Ä—É–∫–∞): –ü–æ–∫–∞–∑–∞—Ç—å –ø–∞–ª—å—Ü–∞–º–∏ —Ü–∏—Ñ—Ä—É 2 (–∫–∞–∫ –≤ –ø—Ä–∏–º–µ—Ä–µ, –∑–∞–ø—è—Å—Ç—å–µ –¥–æ–ª–∂–Ω–æ –±—ã—Ç—å –≤ –∫–∞–¥—Ä–µ);
file47	–ó–∞–¥–∞–Ω–∏–µ 47	https://trainingdata-data-collection.s3.amazonaws.com/dima/sdv/Number-3.jpg	Number-3	–§–æ—Ç–æ (–ª–µ–≤–∞—è —Ä—É–∫–∞): –ü–æ–∫–∞–∑–∞—Ç—å –ø–∞–ª—å—Ü–∞–º–∏ —Ü–∏—Ñ—Ä—É 3 (–∫–∞–∫ –≤ –ø—Ä–∏–º–µ—Ä–µ, –∑–∞–ø—è—Å—Ç—å–µ –¥–æ–ª–∂–Ω–æ –±—ã—Ç—å –≤ –∫–∞–¥—Ä–µ);
file48	–ó–∞–¥–∞–Ω–∏–µ 48	https://trainingdata-data-collection.s3.amazonaws.com/dima/sdv/Number-4.jpg	Number-4	–§–æ—Ç–æ (–ª–µ–≤–∞—è —Ä—É–∫–∞): –ü–æ–∫–∞–∑–∞—Ç—å –ø–∞–ª—å—Ü–∞–º–∏ —Ü–∏—Ñ—Ä—É 4 (–∫–∞–∫ –≤ –ø—Ä–∏–º–µ—Ä–µ, –∑–∞–ø—è—Å—Ç—å–µ –¥–æ–ª–∂–Ω–æ –±—ã—Ç—å –≤ –∫–∞–¥—Ä–µ);
file49	–ó–∞–¥–∞–Ω–∏–µ 49	https://trainingdata-data-collection.s3.amazonaws.com/dima/sdv/Number-5.jpg	Number-5	–§–æ—Ç–æ (–ª–µ–≤–∞—è —Ä—É–∫–∞): –ü–æ–∫–∞–∑–∞—Ç—å –ø–∞–ª—å—Ü–∞–º–∏ —Ü–∏—Ñ—Ä—É 5 (–∫–∞–∫ –≤ –ø—Ä–∏–º–µ—Ä–µ, –∑–∞–ø—è—Å—Ç—å–µ –¥–æ–ª–∂–Ω–æ –±—ã—Ç—å –≤ –∫–∞–¥—Ä–µ);
file50	–ó–∞–¥–∞–Ω–∏–µ 50	https://trainingdata-data-collection.s3.amazonaws.com/dima/sdv/Number-6.jpg	Number-6	–§–æ—Ç–æ (–ª–µ–≤–∞—è —Ä—É–∫–∞): –ü–æ–∫–∞–∑–∞—Ç—å –ø–∞–ª—å—Ü–∞–º–∏ —Ü–∏—Ñ—Ä—É 6 (–∫–∞–∫ –≤ –ø—Ä–∏–º–µ—Ä–µ, –∑–∞–ø—è—Å—Ç—å–µ –¥–æ–ª–∂–Ω–æ –±—ã—Ç—å –≤ –∫–∞–¥—Ä–µ);
file51	–ó–∞–¥–∞–Ω–∏–µ 51	https://trainingdata-data-collection.s3.amazonaws.com/dima/sdv/Number-8.jpg	Number-8	–§–æ—Ç–æ (–ª–µ–≤–∞—è —Ä—É–∫–∞): –ü–æ–∫–∞–∑–∞—Ç—å –ø–∞–ª—å—Ü–∞–º–∏ —Ü–∏—Ñ—Ä—É 8 (–∫–∞–∫ –≤ –ø—Ä–∏–º–µ—Ä–µ, –∑–∞–ø—è—Å—Ç—å–µ –¥–æ–ª–∂–Ω–æ –±—ã—Ç—å –≤ –∫–∞–¥—Ä–µ), –±–æ–ª—å—à–æ–π –∏ —É–∫–∞–∑–∞—Ç–µ–ª—å–Ω—ã–π –ø–∞–ª—å—Ü—ã –¥–æ–ª–∂–Ω—ã –±—ã—Ç—å –≤—ã—Ç—è–Ω—É—Ç—ã;
file52	–ó–∞–¥–∞–Ω–∏–µ 52	https://trainingdata-data-collection.s3.amazonaws.com/dima/sdv/OK.jpg	OK	–§–æ—Ç–æ (–ª–µ–≤–∞—è —Ä—É–∫–∞): –∂–µ—Å—Ç "ok", –∑–∞–ø—è—Å—Ç—å–µ –¥–æ–ª–∂–Ω–æ –±—ã—Ç—å –≤ –∫–∞–¥—Ä–µ;
file53	–ó–∞–¥–∞–Ω–∏–µ 53	https://trainingdata-data-collection.s3.amazonaws.com/dima/sdv/Point-finger.jpg	Point-finger	–§–æ—Ç–æ (–ª–µ–≤–∞—è —Ä—É–∫–∞): –ø–æ–∫–∞–∑–∞—Ç—å —É–∫–∞–∑–∞—Ç–µ–ª—å–Ω—ã–π –ø–∞–ª–µ—Ü, –Ω–∞–ø—Ä–∞–≤–ª–µ–Ω–Ω—ã–π –Ω–∞ –≥–æ–ª–æ–≤—É (–∫–∞–∫ –≤ –ø—Ä–∏–º–µ—Ä–µ, –∑–∞–ø—è—Å—Ç—å–µ –¥–æ–ª–∂–Ω–æ –±—ã—Ç—å –≤ –∫–∞–¥—Ä–µ);
file54	–ó–∞–¥–∞–Ω–∏–µ 54	https://trainingdata-data-collection.s3.amazonaws.com/dima/sdv/Put-palms-together.jpg	Put-palms-together	–§–æ—Ç–æ: üôè –°–ª–æ–∂–∏—Ç—å –ª–∞–¥–æ–Ω–∏, –∑–∞–ø—è—Å—Ç—å—è –¥–æ–ª–∂–Ω—ã –±—ã—Ç—å –ø–æ–ª–Ω–æ—Å—Ç—å—é –≤ –∫–∞–¥—Ä–µ;
file55	–ó–∞–¥–∞–Ω–∏–µ 55	https://trainingdata-data-collection.s3.amazonaws.com/dima/sdv/Show-hand.jpg	Show-hand	–§–æ—Ç–æ: –ø–æ–≤—Ç–æ—Ä–∏—Ç–µ –ø–æ–ª–æ–∂–µ–Ω–∏–µ —Ä—É–∫ –∏–∑ –ø—Ä–∏–º–µ—Ä–∞, –ø–∞–ª—å—Ü—ã –∏ –∑–∞–ø—è—Å—Ç—å—è –¥–æ–ª–∂–Ω—ã –ø–æ–ª–Ω–æ—Å—Ç—å—é –±—ã—Ç—å –≤ –∫–∞–¥—Ä–µ;
file56	–ó–∞–¥–∞–Ω–∏–µ 56	https://trainingdata-data-collection.s3.amazonaws.com/dima/sdv/Show-hand2.jpg	Show-hand2	–§–æ—Ç–æ: –ø–æ–≤—Ç–æ—Ä–∏—Ç–µ –ø–æ–ª–æ–∂–µ–Ω–∏–µ —Ä—É–∫ –∏–∑ –ø—Ä–∏–º–µ—Ä–∞, –ø–∞–ª—å—Ü—ã –∏ –∑–∞–ø—è—Å—Ç—å—è –¥–æ–ª–∂–Ω—ã –ø–æ–ª–Ω–æ—Å—Ç—å—é –±—ã—Ç—å –≤ –∫–∞–¥—Ä–µ;
file57	–ó–∞–¥–∞–Ω–∏–µ 57	https://trainingdata-data-collection.s3.amazonaws.com/dima/sdv/Show-hand3.jpg	Show-hand3	–§–æ—Ç–æ: –ø–æ–≤—Ç–æ—Ä–∏—Ç–µ –ø–æ–ª–æ–∂–µ–Ω–∏–µ —Ä—É–∫ –∏–∑ –ø—Ä–∏–º–µ—Ä–∞, –∑–∞–ø—è—Å—Ç—å—è –¥–æ–ª–∂–Ω—ã –ø–æ–ª–Ω–æ—Å—Ç—å—é –±—ã—Ç—å –≤ –∫–∞–¥—Ä–µ, –ù–ï –ø–µ—Ä–µ–∫—Ä—ã–≤–∞–π—Ç–µ –ª–∏—Ü–æ —Ä—É–∫–∞–º–∏ (–¥–µ—Ä–∂–∏—Ç–µ —Ä—É–∫–∏ –ø–æ–¥ –ª–∏—Ü–æ–º);
file58	–ó–∞–¥–∞–Ω–∏–µ 58	https://trainingdata-data-collection.s3.amazonaws.com/dima/sdv/Single-hand-heart.jpg	Single-hand-heart	–§–æ—Ç–æ (–ª–µ–≤–∞—è —Ä—É–∫–∞): ü´∞üèª "–¢–∏–∫—Ç–æ–∫–µ—Ä—Å–∫–æ–µ —Å–µ—Ä–¥—Ü–µ", –∑–∞–ø—è—Å—Ç—å–µ –¥–æ–ª–∂–Ω–æ –±—ã—Ç—å –≤ –∫–∞–¥—Ä–µ;
file59	–ó–∞–¥–∞–Ω–∏–µ 59	https://trainingdata-data-collection.s3.amazonaws.com/dima/sdv/Two-hand-heart.jpg	Two-hand-heart	–§–æ—Ç–æ: –°–µ—Ä–¥—Ü–µ –¥–≤—É–º—è —Ä—É–∫–∞–º–∏, –∑–∞–ø—è—Å—Ç—å—è –¥–æ–ª–∂–Ω—ã –ø–æ–ª–Ω–æ—Å—Ç—å—é –±—ã—Ç—å –≤ –∫–∞–¥—Ä–µ;
file60	–ó–∞–¥–∞–Ω–∏–µ 60	https://youtu.be/svnj4adA7-o	GlassesPitch	(–î–ª—è –∑–∞–ø–∏—Å–∏ –ø–æ—Ç—Ä–µ–±—É—é—Ç—Å—è –ø—Ä–æ–∑—Ä–∞—á–Ω—ã–µ –æ—á–∫–∏) –°–Ω–∏–º–∏—Ç–µ –∫–∞–∫ –≤—ã –æ—Ç–∫–ª–æ–Ω—è–µ—Ç–µ –≥–æ–ª–æ–≤—É –Ω–∞–∑–∞–¥, –∑–∞—Ç–µ–º –Ω–∞–∫–ª–æ–Ω—è–µ—Ç–µ –µ—ë –≤–ø–µ—Ä–µ–¥, –∞ –ø–æ—Å–ª–µ –≤–æ–∑–≤—Ä–∞—â–∞–µ—Ç–µ—Å—å –≤ –æ–±—ã—á–Ω–æ–µ –ø–æ–ª–æ–∂–µ–Ω–∏–µ, –Ω–µ –Ω–∞–∫–ª–æ–Ω—è—è –ø—Ä–∏ —ç—Ç–æ–º —Ç–µ–ª–æ. –ù–∞ –ª–∏–Ω–∑–∞—Ö –æ—á–∫–æ–≤ –Ω–µ –¥–æ–ª–∂–Ω–æ –±—ã—Ç—å –±–ª–∏–∫–æ–≤/–æ—Ç—Ä–∞–∂–µ–Ω–∏—è.
file61	–ó–∞–¥–∞–Ω–∏–µ 61	https://youtu.be/Ij_5Cg3eUbE	GlassesRoll	(–î–ª—è –∑–∞–ø–∏—Å–∏ –ø–æ—Ç—Ä–µ–±—É—é—Ç—Å—è –ø—Ä–æ–∑—Ä–∞—á–Ω—ã–µ –æ—á–∫–∏) –°–Ω–∏–º–∏—Ç–µ –∫–∞–∫ –≤—ã –Ω–∞–∫–ª–æ–Ω—è–µ—Ç–µ –≥–æ–ª–æ–≤—É —Å–Ω–∞—á–∞–ª–∞ –≤ –õ–ï–í–£–Æ —Å—Ç–æ—Ä–æ–Ω—É, –∑–∞—Ç–µ–º –≤ –ü–†–ê–í–£–Æ. –ù–µ –Ω–∞–¥–æ –Ω–∞–∫–ª–æ–Ω—è—Ç—å —Ç–µ–ª–æ, –Ω–∞–∫–ª–æ–Ω—è–π—Ç–µ —Ç–æ–ª—å–∫–æ –≥–æ–ª–æ–≤—É. –ì–ª–∞–∑–∞ –¥–æ–ª–∂–Ω—ã –¥–≤–∏–≥–∞—Ç—å—Å—è –≤–º–µ—Å—Ç–µ —Å –≥–æ–ª–æ–≤–æ–π. –ù–∞ –ª–∏–Ω–∑–∞—Ö –æ—á–∫–æ–≤ –Ω–µ –¥–æ–ª–∂–Ω–æ –±—ã—Ç—å –±–ª–∏–∫–æ–≤/–æ—Ç—Ä–∞–∂–µ–Ω–∏—è.
file62	–ó–∞–¥–∞–Ω–∏–µ 62	https://youtu.be/Z5KcCkIGcxQ	GlassesYaw	(–î–ª—è –∑–∞–ø–∏—Å–∏ –ø–æ—Ç—Ä–µ–±—É—é—Ç—Å—è –ø—Ä–æ–∑—Ä–∞—á–Ω—ã–µ –æ—á–∫–∏) –°–Ω–∏–º–∏—Ç–µ –∫–∞–∫ –≤—ã –ø–æ–≤–æ—Ä–∞—á–∏–≤–∞–µ—Ç–µ –≥–æ–ª–æ–≤—É —Å–Ω–∞—á–∞–ª–∞ –≤ –õ–ï–í–£–Æ —Å—Ç–æ—Ä–æ–Ω—É, –∑–∞—Ç–µ–º –≤ –ü–†–ê–í–£–Æ. –ù–µ –Ω–∞–¥–æ –ø–æ–≤–æ—Ä–∞—á–∏–≤–∞—Ç—å —Ç–µ–ª–æ, –ø–æ–≤–æ—Ä–∞—á–∏–≤–∞–π—Ç–µ —Ç–æ–ª—å–∫–æ –≥–æ–ª–æ–≤—É. –ì–ª–∞–∑–∞ –¥–æ–ª–∂–Ω—ã –¥–≤–∏–≥–∞—Ç—å—Å—è –≤–º–µ—Å—Ç–µ —Å –≥–æ–ª–æ–≤–æ–π. –ù–∞ –ª–∏–Ω–∑–∞—Ö –æ—á–∫–æ–≤ –Ω–µ –¥–æ–ª–∂–Ω–æ –±—ã—Ç—å –±–ª–∏–∫–æ–≤/–æ—Ç—Ä–∞–∂–µ–Ω–∏—è.
file63	–ó–∞–¥–∞–Ω–∏–µ 63	https://youtu.be/pEqEzFUsAMk	NoGlassesPitch	–°–Ω–∏–º–∏—Ç–µ –∫–∞–∫ –≤—ã –æ—Ç–∫–ª–æ–Ω—è–µ—Ç–µ –≥–æ–ª–æ–≤—É –Ω–∞–∑–∞–¥, –∑–∞—Ç–µ–º –Ω–∞–∫–ª–æ–Ω—è–µ—Ç–µ –µ—ë –≤–ø–µ—Ä–µ–¥, –∞ –ø–æ—Å–ª–µ –≤–æ–∑–≤—Ä–∞—â–∞–µ—Ç–µ—Å—å –≤ –æ–±—ã—á–Ω–æ–µ –ø–æ–ª–æ–∂–µ–Ω–∏–µ, –Ω–µ –Ω–∞–∫–ª–æ–Ω—è—è –ø—Ä–∏ —ç—Ç–æ–º —Ç–µ–ª–æ.
file64	–ó–∞–¥–∞–Ω–∏–µ 64	https://youtu.be/2HZn7ww-_Zo	NoGlassesRoll	–°–Ω–∏–º–∏—Ç–µ –∫–∞–∫ –≤—ã –Ω–∞–∫–ª–æ–Ω—è–µ—Ç–µ –≥–æ–ª–æ–≤—É —Å–Ω–∞—á–∞–ª–∞ –≤ –õ–ï–í–£–Æ —Å—Ç–æ—Ä–æ–Ω—É, –∑–∞—Ç–µ–º –≤ –ü–†–ê–í–£–Æ. –ù–µ –Ω–∞–¥–æ –Ω–∞–∫–ª–æ–Ω—è—Ç—å —Ç–µ–ª–æ, –Ω–∞–∫–ª–æ–Ω—è–π—Ç–µ —Ç–æ–ª—å–∫–æ –≥–æ–ª–æ–≤—É. –ì–ª–∞–∑–∞ –¥–æ–ª–∂–Ω—ã –¥–≤–∏–≥–∞—Ç—å—Å—è –≤–º–µ—Å—Ç–µ —Å –≥–æ–ª–æ–≤–æ–π.
file65	–ó–∞–¥–∞–Ω–∏–µ 65	https://youtu.be/HK7Qs2ZSt40	NoGlassesYaw	–ù–µ –Ω–∞–¥–æ –ø–æ–≤–æ—Ä–∞—á–∏–≤–∞—Ç—å —Ç–µ–ª–æ, –ø–æ–≤–æ—Ä–∞—á–∏–≤–∞–π—Ç–µ —Ç–æ–ª—å–∫–æ –≥–æ–ª–æ–≤—É. –ì–ª–∞–∑–∞ –¥–æ–ª–∂–Ω—ã –¥–≤–∏–≥–∞—Ç—å—Å—è –≤–º–µ—Å—Ç–µ —Å –≥–æ–ª–æ–≤–æ–π.